{"cameraMode":{"drawMode":0,"name":"Shaded","section":"Shading Mode"},"sceneLighting":true,"audioPlay":false,"sceneViewState":{"m_AlwaysRefresh":true,"showFog":true,"showSkybox":true,"showFlares":true,"showImageEffects":true,"showParticleSystems":true,"showVisualEffectGraphs":true,"m_FxEnabled":true},"in2DMode":false,"pivot":{"x":-16.403282165527345,"y":5.795144557952881,"z":13.501360893249512},"rotation":{"x":0.07463143765926361,"y":0.7004045844078064,"z":-0.07402394711971283,"w":0.7059990763664246},"size":0.8660253882408142,"orthographic":false}