{"cameraMode":{"drawMode":0,"name":"Shaded","section":"Shading Mode"},"sceneLighting":true,"audioPlay":false,"sceneViewState":{"m_AlwaysRefresh":true,"showFog":true,"showSkybox":true,"showFlares":true,"showImageEffects":true,"showParticleSystems":true,"showVisualEffectGraphs":true,"m_FxEnabled":true},"in2DMode":false,"pivot":{"x":-0.47478652000427248,"y":0.6667883396148682,"z":-0.309495747089386},"rotation":{"x":-0.05539405345916748,"y":0.9325708150863648,"z":-0.1627868115901947,"w":-0.3174777925014496},"size":0.8660253882408142,"orthographic":false}